auc,accuracy,tn,fp,fn,tp
0.6999520975007512,0.80018,39729,292,9699,280
