threshold,tn,fp,fn,tp,recall_default,precision_default
0.2,24471,15550,3153,6826,0.6840364766008619,0.3050589917769038
0.3,34478,5543,6541,3438,0.34452349934863213,0.3828081505400289
0.4,38259,1762,8581,1398,0.14009419781541235,0.44240506329113927
0.5,39729,292,9699,280,0.02805892373985369,0.48951048951048953
