climate_risk_level,n_loans,default_rate
High,55367,0.2124550725161197
Low,23733,0.18796612311970673
Medium,45322,0.20122677728255595
Very High,119757,0.19717427791277337
Very Low,5821,0.16148428105136575
