climate_risk_level,n_loans,pd_mean
High,55367,0.2029193938268153
Low,23733,0.1963212992413129
Medium,45322,0.20303787355982073
Very High,119757,0.1975141848537325
Very Low,5821,0.19935896165788475
