total_ead,avg_pd,lgd_assumption,total_ecl
3601678975.0,0.19974196333363045,0.6,467440337.9569429
